,RequestName,SanctionName,similarity,requestID,lastName,firstName,wholeName,RequestNamePinYin,UID,LAST_NAME,FIRST_NAME,SanctionNamePinYin
0,王锦雨,王锦雨,0.9999999999999999,AA012345,王,锦雨,王锦雨,wangjinyu,8,王,锦雨,wangjinyu
1,王棉雨,王锦雨,0.8246260343695907,AA012346,王,棉雨,王棉雨,wangmianyu,8,王,锦雨,wangjinyu
2,王靳雨,王锦雨,0.7301739250286354,AA012347,王,靳雨,王靳雨,wangjinyu,8,王,锦雨,wangjinyu
3,王锦雨,张雨,0.7185410517450832,AA012345,王,锦雨,王锦雨,wangjinyu,1320,张,雨,zhangyu
4,王棉雨,张雨,0.7797895320383192,AA012346,王,棉雨,王棉雨,wangmianyu,1320,张,雨,zhangyu
5,王靳雨,张雨,0.8310157424106307,AA012347,王,靳雨,王靳雨,wangjinyu,1320,张,雨,zhangyu
6,王锦雨,雷雨,0.675950122862867,AA012345,王,锦雨,王锦雨,wangjinyu,689,雷,雨,leiyu
7,王棉雨,雷雨,0.7335681499454239,AA012346,王,棉雨,王棉雨,wangmianyu,689,雷,雨,leiyu
8,王靳雨,雷雨,0.7817579688999118,AA012347,王,靳雨,王靳雨,wangjinyu,689,雷,雨,leiyu
9,王锦雨,王存雨,0.6016327117805957,AA012345,王,锦雨,王锦雨,wangjinyu,913,王,存雨,wangcunyu
10,王棉雨,王存雨,0.652915918497549,AA012346,王,棉雨,王棉雨,wangmianyu,913,王,存雨,wangcunyu
11,王靳雨,王存雨,0.6958075024727269,AA012347,王,靳雨,王靳雨,wangjinyu,913,王,存雨,wangcunyu
12,王锦雨,郑雨桐,0.5885729446535074,AA012345,王,锦雨,王锦雨,wangjinyu,465,郑,雨桐,zhengyutong
13,王棉雨,郑雨桐,0.6387429360745843,AA012346,王,棉雨,王棉雨,wangmianyu,465,郑,雨桐,zhengyutong
14,王靳雨,郑雨桐,0.6807034634641422,AA012347,王,靳雨,王靳雨,wangjinyu,465,郑,雨桐,zhengyutong
15,王锦雨,何雨春,0.5826846598560345,AA012345,王,锦雨,王锦雨,wangjinyu,1126,何,雨春,heyuchun
16,王棉雨,何雨春,0.6323527335446405,AA012346,王,棉雨,王棉雨,wangmianyu,1126,何,雨春,heyuchun
17,王靳雨,何雨春,0.6738934734842889,AA012347,王,靳雨,王靳雨,wangjinyu,1126,何,雨春,heyuchun
18,王锦雨,史方雨,0.5810706309419469,AA012345,王,锦雨,王锦雨,wangjinyu,2571,史,方雨,shifangyu
19,王棉雨,史方雨,0.6306011247137242,AA012346,王,棉雨,王棉雨,wangmianyu,2571,史,方雨,shifangyu
20,王靳雨,史方雨,0.6720267973451105,AA012347,王,靳雨,王靳雨,wangjinyu,2571,史,方雨,shifangyu
21,王锦雨,郑鑫雨,0.5576882731089777,AA012345,王,锦雨,王锦雨,wangjinyu,2254,郑,鑫雨,zhengxinyu
22,王棉雨,郑鑫雨,0.6052256533634913,AA012346,王,棉雨,王棉雨,wangmianyu,2254,郑,鑫雨,zhengxinyu
23,王靳雨,郑鑫雨,0.6449843515353901,AA012347,王,靳雨,王靳雨,wangjinyu,2254,郑,鑫雨,zhengxinyu
24,王锦雨,施雨桐,0.536370278886366,AA012345,王,锦雨,王锦雨,wangjinyu,2175,施,雨桐,shiyutong
25,王棉雨,施雨桐,0.5820905120956775,AA012346,王,棉雨,王棉雨,wangmianyu,2175,施,雨桐,shiyutong
26,王靳雨,施雨桐,0.6203294083660551,AA012347,王,靳雨,王靳雨,wangjinyu,2175,施,雨桐,shiyutong
27,王锦雨,杨雨前,0.5285581420190182,AA012345,王,锦雨,王锦雨,wangjinyu,2705,杨,雨前,yangyuqian
28,王棉雨,杨雨前,0.5736124682355341,AA012346,王,棉雨,王棉雨,wangmianyu,2705,杨,雨前,yangyuqian
29,王靳雨,杨雨前,0.6112944218432036,AA012347,王,靳雨,王靳雨,wangjinyu,2705,杨,雨前,yangyuqian
30,王jinyu,克里斯坚·彼得·苛兹,0.18056436665307798,AA012348,王,jinyu,王jinyu,wangjinyu,391,克里,斯坚·彼得·苛兹,kelisijian·bide·kezi
31,王jinyu,王涛,0.1622201777086761,AA012348,王,jinyu,王jinyu,wangjinyu,2591,王,涛,wangtao
32,王佑,王涛,0.128170619831783,BB099933,王,佑,王佑,wangyou,2591,王,涛,wangtao
33,王jinyu,王伟,0.16204286103598117,AA012348,王,jinyu,王jinyu,wangjinyu,2337,王,伟,wangwei
34,王佑,王伟,0.5934235766974674,BB099933,王,佑,王佑,wangyou,2337,王,伟,wangwei
35,王jinyu,王和,0.1532412305520941,AA012348,王,jinyu,王jinyu,wangjinyu,2998,王,和,wanghe
36,王佑,王和,0.12107632836477031,BB099933,王,佑,王佑,wangyou,2998,王,和,wanghe
37,王jinyu,王锋,0.15281347229876685,AA012348,王,jinyu,王jinyu,wangjinyu,1739,王,锋,wangfeng
38,王佑,王锋,0.12073835536263508,BB099933,王,佑,王佑,wangyou,1739,王,锋,wangfeng
39,王jinyu,王军,0.15277276433056444,AA012348,王,jinyu,王jinyu,wangjinyu,1130,王,军,wangjun
40,王jinyu,王军,0.15277276433056444,AA012348,王,jinyu,王jinyu,wangjinyu,2512,王,军,wangjun
41,王jinyu,王军,0.15277276433056444,AA012348,王,jinyu,王jinyu,wangjinyu,1130,王,军,wangjun
42,王jinyu,王军,0.15277276433056444,AA012348,王,jinyu,王jinyu,wangjinyu,2512,王,军,wangjun
43,王jinyu,王宇,0.1513667585328439,AA012348,王,jinyu,王jinyu,wangjinyu,948,王,宇,wangyu
44,王jinyu,王玉,0.15064843267790112,AA012348,王,jinyu,王jinyu,wangjinyu,37,王,玉,wangyu
45,王jinyu,王科,0.14952057189195522,AA012348,王,jinyu,王jinyu,wangjinyu,1673,王,科,wangke
46,王jinyu,王科,0.14952057189195522,AA012348,王,jinyu,王jinyu,wangjinyu,1674,王,科,wangke
47,王jinyu,王科,0.14952057189195522,AA012348,王,jinyu,王jinyu,wangjinyu,1899,王,科,wangke
48,王友,王友,1.0,BB099931,王,友,王友,wangyou,12,王,友,wangyou
49,王有,王友,0.6677252479921905,BB099932,王,有,王有,wangyou,12,王,友,wangyou
50,王友,郑友,0.510774434803226,BB099931,王,友,王友,wangyou,1588,郑,友,zhengyou
51,王友,陈友林,0.3823533311611901,BB099931,王,友,王友,wangyou,2950,陈,友林,chenyoulin
52,王友,谭国友,0.3783056675468502,BB099931,王,友,王友,wangyou,2636,谭,国友,tanguoyou
53,王友,陈友忠,0.37216208119464933,BB099931,王,友,王友,wangyou,356,陈,友忠,chenyouzhong
54,王友,林友义,0.35613936693951476,BB099931,王,友,王友,wangyou,2519,林,友义,linyouyi
55,王友,杨振友,0.3520408750235694,BB099931,王,友,王友,wangyou,104,杨,振友,yangzhenyou
56,王友,艾友刚,0.3450136622115155,BB099931,王,友,王友,wangyou,1211,艾,友刚,aiyougang
57,王友,左友之,0.3309848572463022,BB099931,王,友,王友,wangyou,630,左,友之,zuoyouzhi
58,王友,王天昊,0.3277948145974322,BB099931,王,友,王友,wangyou,1013,王,天昊,wangtianhao
59,王有,王天昊,0.3133788430832099,BB099932,王,有,王有,wangyou,1013,王,天昊,wangtianhao
60,王有,郭有华,0.39903599314278493,BB099932,王,有,王有,wangyou,484,郭,有华,guoyouhua
61,王有,许有旺,0.37734615269399474,BB099932,王,有,王有,wangyou,648,许,有旺,xuyouwang
62,王有,叶有争,0.371355639938737,BB099932,王,有,王有,wangyou,183,叶,有争,yeyouzheng
63,王有,廖泉有,0.3588291965763822,BB099932,王,有,王有,wangyou,1182,廖,泉有,liaoquanyou
64,王有,薛有勤,0.3168146665381775,BB099932,王,有,王有,wangyou,348,薛,有勤,xueyouqin
65,王有,王天会,0.3117569565670215,BB099932,王,有,王有,wangyou,145,王,天会,wangtianhui
66,王有,王武生,0.3038026433566665,BB099932,王,有,王有,wangyou,792,王,武生,wangwusheng
67,王有,王丽岩,0.27374135155965856,BB099932,王,有,王有,wangyou,2465,王,丽岩,wangliyan
68,王佑,方佑,0.47149426626823093,BB099933,王,佑,王佑,wangyou,627,方,佑,fangyou
69,王佑,王伟刚,0.3773787877798565,BB099933,王,佑,王佑,wangyou,2623,王,伟刚,wangweigang
70,王佑,王大志,0.3645162616774278,BB099933,王,佑,王佑,wangyou,311,王,大志,wangdazhi
71,王佑,王金凤,0.3572840665037854,BB099933,王,佑,王佑,wangyou,1687,王,金凤,wangjinfeng
72,王佑,王传福,0.34005504973040984,BB099933,王,佑,王佑,wangyou,1978,王,传福,wangchuanfu
73,王佑,王信虎,0.3192637766920061,BB099933,王,佑,王佑,wangyou,2373,王,信虎,wangxinhu
74,井上信昌,王信虎,0.30661707396875326,DD903845,井上,信昌,井上信昌,jingshangxinchang,2373,王,信虎,wangxinhu
75,袁临江,袁临江,0.9999999999999999,CC072982,袁,临江,袁临江,yuanlinjiang,66,袁,临江,yuanlinjiang
76,袁江临,袁临江,0.8261342654380077,CC072983,袁,江临,袁江临,yuanjianglin,66,袁,临江,yuanlinjiang
77,江临袁,袁临江,0.7965209446770806,CC072984,江,临袁,江临袁,jianglinyuan,66,袁,临江,yuanlinjiang
78,袁临江,胡鉴,0.4309208685808516,CC072982,袁,临江,袁临江,yuanlinjiang,775,胡,鉴,hujian
79,袁江临,胡鉴,0.4780428529404481,CC072983,袁,江临,袁江临,yuanjianglin,775,胡,鉴,hujian
80,江临袁,胡鉴,0.49295291309197364,CC072984,江,临袁,江临袁,jianglinyuan,775,胡,鉴,hujian
81,袁临江,袁帅,0.3541713519398195,CC072982,袁,临江,袁临江,yuanlinjiang,785,袁,帅,yuanshuai
82,袁江临,袁帅,0.21972261581207322,CC072983,袁,江临,袁江临,yuanjianglin,785,袁,帅,yuanshuai
83,袁临江,刘品览,0.34038890932423516,CC072982,袁,临江,袁临江,yuanlinjiang,2221,刘,品览,liupinlan
84,袁江临,刘品览,0.377611058518774,CC072983,袁,江临,袁江临,yuanjianglin,2221,刘,品览,liupinlan
85,江临袁,刘品览,0.3893886712615746,CC072984,江,临袁,江临袁,jianglinyuan,2221,刘,品览,liupinlan
86,袁临江,孙中海,0.23698453850656004,CC072982,袁,临江,袁临江,yuanlinjiang,666,孙,中海,sunzhonghai
87,袁临江,袁敏,0.23691773848768105,CC072982,袁,临江,袁临江,yuanlinjiang,1165,袁,敏,yuanmin
88,袁江临,袁敏,0.2628251260883186,CC072983,袁,江临,袁江临,yuanjianglin,1165,袁,敏,yuanmin
89,江临袁,袁敏,0.1355112943767217,CC072984,江,临袁,江临袁,jianglinyuan,1165,袁,敏,yuanmin
90,袁临江,白中波,0.2274810759238383,CC072982,袁,临江,袁临江,yuanlinjiang,2125,白,中波,baizhongbo
91,袁临江,袁征,0.22661499633950627,CC072982,袁,临江,袁临江,yuanlinjiang,1443,袁,征,yuanzheng
92,袁江临,袁征,0.2513957602610305,CC072983,袁,江临,袁江临,yuanjianglin,1443,袁,征,yuanzheng
93,江临袁,袁征,0.12961837165577753,CC072984,江,临袁,江临袁,jianglinyuan,1443,袁,征,yuanzheng
94,袁临江,袁瑛,0.2175494147657146,CC072982,袁,临江,袁临江,yuanlinjiang,2554,袁,瑛,yuanying
95,袁江临,袁瑛,0.24133884077747894,CC072983,袁,江临,袁江临,yuanjianglin,2554,袁,瑛,yuanying
96,袁临江,袁建良,0.19220836108065328,CC072982,袁,临江,袁临江,yuanlinjiang,15,袁,建良,yuanjianliang
97,袁江临,袁建良,0.2132266965686847,CC072983,袁,江临,袁江临,yuanjianglin,15,袁,建良,yuanjianliang
98,袁江临,文江明,0.21579899112800638,CC072983,袁,江临,袁江临,yuanjianglin,31,文,江明,wenjiangming
99,袁江临,袁伟明,0.2101572782543473,CC072983,袁,江临,袁江临,yuanjianglin,2111,袁,伟明,yuanweiming
100,江临袁,江勇,0.163052788093623,CC072984,江,临袁,江临袁,jianglinyuan,305,江,勇,jiangyong
101,江临袁,江河,0.15455780732158086,CC072984,江,临袁,江临袁,jianglinyuan,2030,江,河,jianghe
102,江临袁,江琪,0.1507845587752086,CC072984,江,临袁,江临袁,jianglinyuan,2323,江,琪,jiangqi
103,江临袁,江文明,0.1274398463150137,CC072984,江,临袁,江临袁,jianglinyuan,2433,江,文明,jiangwenming
104,江临袁,江志杰,0.12731599336876825,CC072984,江,临袁,江临袁,jianglinyuan,1993,江,志杰,jiangzhijie
105,江临袁,江志杰,0.12731599336876825,CC072984,江,临袁,江临袁,jianglinyuan,1995,江,志杰,jiangzhijie
106,井上昌信,井上昌信,1.0000000000000002,DD903844,井上,昌信,井上昌信,jingshangchangxin,394,井上,昌信,jingshangchangxin
107,井上信昌,井上昌信,0.7506277004048358,DD903845,井上,信昌,井上信昌,jingshangxinchang,394,井上,昌信,jingshangchangxin
108,信昌上井,井上昌信,0.582264163217736,DD903846,信昌,上井,信昌上井,xinchangshangjing,394,井上,昌信,jingshangchangxin
109,井上昌,井上昌信,0.8532165813651305,DD903847,井上,昌,井上昌,jingshangchang,394,井上,昌信,jingshangchangxin
110,上昌信,井上昌信,0.7885674817680802,DD903848,上,昌信,上昌信,shangchangxin,394,井上,昌信,jingshangchangxin
111,上昌,井上昌信,0.5914534707129985,DD903849,上,昌,上昌,shangchang,394,井上,昌信,jingshangchangxin
112,井上昌信,杨井武,0.3042427327816837,DD903844,井上,昌信,井上昌信,jingshangchangxin,646,杨,井武,yangjingwu
113,井上信昌,杨井武,0.31576102398173345,DD903845,井上,信昌,井上信昌,jingshangxinchang,646,杨,井武,yangjingwu
114,信昌上井,杨井武,0.23909375883559253,DD903846,信昌,上井,信昌上井,xinchangshangjing,646,杨,井武,yangjingwu
115,井上昌,杨井武,0.35658323973838035,DD903847,井上,昌,井上昌,jingshangchang,646,杨,井武,yangjingwu
116,井上昌信,马昌林,0.23870324384283448,DD903844,井上,昌信,井上昌信,jingshangchangxin,11,马,昌林,machanglin
117,信昌上井,马昌林,0.25260799629866815,DD903846,信昌,上井,信昌上井,xinchangshangjing,11,马,昌林,machanglin
118,上昌信,马昌林,0.30270490397046035,DD903848,上,昌信,上昌信,shangchangxin,11,马,昌林,machanglin
119,上昌,马昌林,0.1820707888338345,DD903849,上,昌,上昌,shangchang,11,马,昌林,machanglin
120,李昌达,马昌林,0.354642218855742,HH1234571,李,昌达,李昌达,lichangda,11,马,昌林,machanglin
121,李昌达,马昌林,0.354642218855742,HH1234572,李,昌达,李昌达,lichangda,11,马,昌林,machanglin
122,李昌达,马昌林,0.354642218855742,HH1234573,李,昌达,李昌达,lichangda,11,马,昌林,machanglin
123,李昌达,马昌林,0.354642218855742,HH1234574,李,昌達,李昌達,lichangda,11,马,昌林,machanglin
124,李昌达,马昌林,0.354642218855742,HH1234571,李,昌达,李昌达,lichangda,11,马,昌林,machanglin
125,李昌达,马昌林,0.354642218855742,HH1234572,李,昌达,李昌达,lichangda,11,马,昌林,machanglin
126,李昌达,马昌林,0.354642218855742,HH1234573,李,昌达,李昌达,lichangda,11,马,昌林,machanglin
127,李昌达,马昌林,0.354642218855742,HH1234574,李,昌達,李昌達,lichangda,11,马,昌林,machanglin
128,李昌达,马昌林,0.354642218855742,HH1234571,李,昌达,李昌达,lichangda,11,马,昌林,machanglin
129,李昌达,马昌林,0.354642218855742,HH1234572,李,昌达,李昌达,lichangda,11,马,昌林,machanglin
130,李昌达,马昌林,0.354642218855742,HH1234573,李,昌达,李昌达,lichangda,11,马,昌林,machanglin
131,李昌达,马昌林,0.354642218855742,HH1234574,李,昌達,李昌達,lichangda,11,马,昌林,machanglin
132,李昌达,马昌林,0.354642218855742,HH1234571,李,昌达,李昌达,lichangda,11,马,昌林,machanglin
133,李昌达,马昌林,0.354642218855742,HH1234572,李,昌达,李昌达,lichangda,11,马,昌林,machanglin
134,李昌达,马昌林,0.354642218855742,HH1234573,李,昌达,李昌达,lichangda,11,马,昌林,machanglin
135,李昌达,马昌林,0.354642218855742,HH1234574,李,昌達,李昌達,lichangda,11,马,昌林,machanglin
136,井上昌信,李昌达,0.22294326259454897,DD903844,井上,昌信,井上昌信,jingshangchangxin,2494,李,昌达,lichangda
137,信昌上井,李昌达,0.23592997709481017,DD903846,信昌,上井,信昌上井,xinchangshangjing,2494,李,昌达,lichangda
138,上昌信,李昌达,0.2827193204755014,DD903848,上,昌信,上昌信,shangchangxin,2494,李,昌达,lichangda
139,上昌,李昌达,0.1700498704261607,DD903849,上,昌,上昌,shangchang,2494,李,昌达,lichangda
140,李昌达,李昌达,1.0,HH1234571,李,昌达,李昌达,lichangda,2494,李,昌达,lichangda
141,李昌达,李昌达,1.0,HH1234572,李,昌达,李昌达,lichangda,2494,李,昌达,lichangda
142,李昌达,李昌达,1.0,HH1234573,李,昌达,李昌达,lichangda,2494,李,昌达,lichangda
143,李昌达,李昌达,1.0,HH1234574,李,昌達,李昌達,lichangda,2494,李,昌达,lichangda
144,李昌达,李昌达,1.0,HH1234571,李,昌达,李昌达,lichangda,2494,李,昌达,lichangda
145,李昌达,李昌达,1.0,HH1234572,李,昌达,李昌达,lichangda,2494,李,昌达,lichangda
146,李昌达,李昌达,1.0,HH1234573,李,昌达,李昌达,lichangda,2494,李,昌达,lichangda
147,李昌达,李昌达,1.0,HH1234574,李,昌達,李昌達,lichangda,2494,李,昌达,lichangda
148,李昌达,李昌达,1.0,HH1234571,李,昌达,李昌达,lichangda,2494,李,昌达,lichangda
149,李昌达,李昌达,1.0,HH1234572,李,昌达,李昌达,lichangda,2494,李,昌达,lichangda
150,李昌达,李昌达,1.0,HH1234573,李,昌达,李昌达,lichangda,2494,李,昌达,lichangda
151,李昌达,李昌达,1.0,HH1234574,李,昌達,李昌達,lichangda,2494,李,昌达,lichangda
152,李昌达,李昌达,1.0,HH1234571,李,昌达,李昌达,lichangda,2494,李,昌达,lichangda
153,李昌达,李昌达,1.0,HH1234572,李,昌达,李昌达,lichangda,2494,李,昌达,lichangda
154,李昌达,李昌达,1.0,HH1234573,李,昌达,李昌达,lichangda,2494,李,昌达,lichangda
155,李昌达,李昌达,1.0,HH1234574,李,昌達,李昌達,lichangda,2494,李,昌达,lichangda
156,井上昌信,李井光,0.22248440588233112,DD903844,井上,昌信,井上昌信,jingshangchangxin,1840,李,井光,lijingguang
157,井上信昌,李井光,0.23090741783398103,DD903845,井上,信昌,井上信昌,jingshangxinchang,1840,李,井光,lijingguang
158,信昌上井,李井光,0.27406508688876735,DD903846,信昌,上井,信昌上井,xinchangshangjing,1840,李,井光,lijingguang
159,井上昌,李井光,0.26075958993478565,DD903847,井上,昌,井上昌,jingshangchang,1840,李,井光,lijingguang
160,井上昌信,李昌森,0.22055738938273478,DD903844,井上,昌信,井上昌信,jingshangchangxin,840,李,昌森,lichangsen
161,信昌上井,李昌森,0.233405123884789,DD903846,信昌,上井,信昌上井,xinchangshangjing,840,李,昌森,lichangsen
162,上昌信,李昌森,0.27969374147690423,DD903848,上,昌信,上昌信,shangchangxin,840,李,昌森,lichangsen
163,上昌,李昌森,0.16823004673738612,DD903849,上,昌,上昌,shangchang,840,李,昌森,lichangsen
164,李昌达,李昌森,0.5468833484136845,HH1234571,李,昌达,李昌达,lichangda,840,李,昌森,lichangsen
165,李昌达,李昌森,0.5468833484136845,HH1234572,李,昌达,李昌达,lichangda,840,李,昌森,lichangsen
166,李昌达,李昌森,0.5468833484136845,HH1234573,李,昌达,李昌达,lichangda,840,李,昌森,lichangsen
167,李昌达,李昌森,0.5468833484136845,HH1234574,李,昌達,李昌達,lichangda,840,李,昌森,lichangsen
168,李昌达,李昌森,0.5468833484136845,HH1234571,李,昌达,李昌达,lichangda,840,李,昌森,lichangsen
169,李昌达,李昌森,0.5468833484136845,HH1234572,李,昌达,李昌达,lichangda,840,李,昌森,lichangsen
170,李昌达,李昌森,0.5468833484136845,HH1234573,李,昌达,李昌达,lichangda,840,李,昌森,lichangsen
171,李昌达,李昌森,0.5468833484136845,HH1234574,李,昌達,李昌達,lichangda,840,李,昌森,lichangsen
172,李昌达,李昌森,0.5468833484136845,HH1234571,李,昌达,李昌达,lichangda,840,李,昌森,lichangsen
173,李昌达,李昌森,0.5468833484136845,HH1234572,李,昌达,李昌达,lichangda,840,李,昌森,lichangsen
174,李昌达,李昌森,0.5468833484136845,HH1234573,李,昌达,李昌达,lichangda,840,李,昌森,lichangsen
175,李昌达,李昌森,0.5468833484136845,HH1234574,李,昌達,李昌達,lichangda,840,李,昌森,lichangsen
176,李昌达,李昌森,0.5468833484136845,HH1234571,李,昌达,李昌达,lichangda,840,李,昌森,lichangsen
177,李昌达,李昌森,0.5468833484136845,HH1234572,李,昌达,李昌达,lichangda,840,李,昌森,lichangsen
178,李昌达,李昌森,0.5468833484136845,HH1234573,李,昌达,李昌达,lichangda,840,李,昌森,lichangsen
179,李昌达,李昌森,0.5468833484136845,HH1234574,李,昌達,李昌達,lichangda,840,李,昌森,lichangsen
180,井上昌信,郭井全,0.21452908221155578,DD903844,井上,昌信,井上昌信,jingshangchangxin,533,郭,井全,guojingquan
181,井上信昌,郭井全,0.2226509144643749,DD903845,井上,信昌,井上信昌,jingshangxinchang,533,郭,井全,guojingquan
182,信昌上井,郭井全,0.26426540468446746,DD903846,信昌,上井,信昌上井,xinchangshangjing,533,郭,井全,guojingquan
183,井上昌,郭井全,0.2514356693212798,DD903847,井上,昌,井上昌,jingshangchang,533,郭,井全,guojingquan
184,井上昌信,吴昌昱,0.21065965620035698,DD903844,井上,昌信,井上昌信,jingshangchangxin,2561,吴,昌昱,wuchangyu
185,信昌上井,吴昌昱,0.22293083578191977,DD903846,信昌,上井,信昌上井,xinchangshangjing,2561,吴,昌昱,wuchangyu
186,上昌信,吴昌昱,0.2671422054178904,DD903848,上,昌信,上昌信,shangchangxin,2561,吴,昌昱,wuchangyu
187,上昌,吴昌昱,0.16068055533052086,DD903849,上,昌,上昌,shangchang,2561,吴,昌昱,wuchangyu
188,李昌达,吴昌昱,0.3129777655953083,HH1234571,李,昌达,李昌达,lichangda,2561,吴,昌昱,wuchangyu
189,李昌达,吴昌昱,0.3129777655953083,HH1234572,李,昌达,李昌达,lichangda,2561,吴,昌昱,wuchangyu
190,李昌达,吴昌昱,0.3129777655953083,HH1234573,李,昌达,李昌达,lichangda,2561,吴,昌昱,wuchangyu
191,李昌达,吴昌昱,0.3129777655953083,HH1234574,李,昌達,李昌達,lichangda,2561,吴,昌昱,wuchangyu
192,李昌达,吴昌昱,0.3129777655953083,HH1234571,李,昌达,李昌达,lichangda,2561,吴,昌昱,wuchangyu
193,李昌达,吴昌昱,0.3129777655953083,HH1234572,李,昌达,李昌达,lichangda,2561,吴,昌昱,wuchangyu
194,李昌达,吴昌昱,0.3129777655953083,HH1234573,李,昌达,李昌达,lichangda,2561,吴,昌昱,wuchangyu
195,李昌达,吴昌昱,0.3129777655953083,HH1234574,李,昌達,李昌達,lichangda,2561,吴,昌昱,wuchangyu
196,李昌达,吴昌昱,0.3129777655953083,HH1234571,李,昌达,李昌达,lichangda,2561,吴,昌昱,wuchangyu
197,李昌达,吴昌昱,0.3129777655953083,HH1234572,李,昌达,李昌达,lichangda,2561,吴,昌昱,wuchangyu
198,李昌达,吴昌昱,0.3129777655953083,HH1234573,李,昌达,李昌达,lichangda,2561,吴,昌昱,wuchangyu
199,李昌达,吴昌昱,0.3129777655953083,HH1234574,李,昌達,李昌達,lichangda,2561,吴,昌昱,wuchangyu
200,李昌达,吴昌昱,0.3129777655953083,HH1234571,李,昌达,李昌达,lichangda,2561,吴,昌昱,wuchangyu
201,李昌达,吴昌昱,0.3129777655953083,HH1234572,李,昌达,李昌达,lichangda,2561,吴,昌昱,wuchangyu
202,李昌达,吴昌昱,0.3129777655953083,HH1234573,李,昌达,李昌达,lichangda,2561,吴,昌昱,wuchangyu
203,李昌达,吴昌昱,0.3129777655953083,HH1234574,李,昌達,李昌達,lichangda,2561,吴,昌昱,wuchangyu
204,井上昌信,章昌平,0.2076868813173659,DD903844,井上,昌信,井上昌信,jingshangchangxin,2743,章,昌平,zhangchangping
205,信昌上井,章昌平,0.21978489316903338,DD903846,信昌,上井,信昌上井,xinchangshangjing,2743,章,昌平,zhangchangping
206,上昌信,章昌平,0.2633723633286304,DD903848,上,昌信,上昌信,shangchangxin,2743,章,昌平,zhangchangping
207,李昌达,章昌平,0.3085611038705237,HH1234571,李,昌达,李昌达,lichangda,2743,章,昌平,zhangchangping
208,李昌达,章昌平,0.3085611038705237,HH1234572,李,昌达,李昌达,lichangda,2743,章,昌平,zhangchangping
209,李昌达,章昌平,0.3085611038705237,HH1234573,李,昌达,李昌达,lichangda,2743,章,昌平,zhangchangping
210,李昌达,章昌平,0.3085611038705237,HH1234574,李,昌達,李昌達,lichangda,2743,章,昌平,zhangchangping
211,李昌达,章昌平,0.3085611038705237,HH1234571,李,昌达,李昌达,lichangda,2743,章,昌平,zhangchangping
212,李昌达,章昌平,0.3085611038705237,HH1234572,李,昌达,李昌达,lichangda,2743,章,昌平,zhangchangping
213,李昌达,章昌平,0.3085611038705237,HH1234573,李,昌达,李昌达,lichangda,2743,章,昌平,zhangchangping
214,李昌达,章昌平,0.3085611038705237,HH1234574,李,昌達,李昌達,lichangda,2743,章,昌平,zhangchangping
215,李昌达,章昌平,0.3085611038705237,HH1234571,李,昌达,李昌达,lichangda,2743,章,昌平,zhangchangping
216,李昌达,章昌平,0.3085611038705237,HH1234572,李,昌达,李昌达,lichangda,2743,章,昌平,zhangchangping
217,李昌达,章昌平,0.3085611038705237,HH1234573,李,昌达,李昌达,lichangda,2743,章,昌平,zhangchangping
218,李昌达,章昌平,0.3085611038705237,HH1234574,李,昌達,李昌達,lichangda,2743,章,昌平,zhangchangping
219,李昌达,章昌平,0.3085611038705237,HH1234571,李,昌达,李昌达,lichangda,2743,章,昌平,zhangchangping
220,李昌达,章昌平,0.3085611038705237,HH1234572,李,昌达,李昌达,lichangda,2743,章,昌平,zhangchangping
221,李昌达,章昌平,0.3085611038705237,HH1234573,李,昌达,李昌达,lichangda,2743,章,昌平,zhangchangping
222,李昌达,章昌平,0.3085611038705237,HH1234574,李,昌達,李昌達,lichangda,2743,章,昌平,zhangchangping
223,陈章华,章昌平,0.17061954182549816,FF1234579,陈,章华,陈章华,chenzhanghua,2743,章,昌平,zhangchangping
224,陈章华,章昌平,0.17061954182549816,FF1234580,陳,章华,陳章华,chenzhanghua,2743,章,昌平,zhangchangping
225,陈章华,章昌平,0.17061954182549816,FF1234581,陈,章華,陈章華,chenzhanghua,2743,章,昌平,zhangchangping
226,陈章华,章昌平,0.17061954182549816,FF1234579,陈,章华,陈章华,chenzhanghua,2743,章,昌平,zhangchangping
227,陈章华,章昌平,0.17061954182549816,FF1234580,陳,章华,陳章华,chenzhanghua,2743,章,昌平,zhangchangping
228,陈章华,章昌平,0.17061954182549816,FF1234581,陈,章華,陈章華,chenzhanghua,2743,章,昌平,zhangchangping
229,陈章华,章昌平,0.17061954182549816,FF1234579,陈,章华,陈章华,chenzhanghua,2743,章,昌平,zhangchangping
230,陈章华,章昌平,0.17061954182549816,FF1234580,陳,章华,陳章华,chenzhanghua,2743,章,昌平,zhangchangping
231,陈章华,章昌平,0.17061954182549816,FF1234581,陈,章華,陈章華,chenzhanghua,2743,章,昌平,zhangchangping
232,井上昌信,胡齐开,0.20679885557313865,DD903844,井上,昌信,井上昌信,jingshangchangxin,1928,胡,齐开,huqikai
233,井上信昌,胡齐开,0.21462803005020883,DD903845,井上,信昌,井上信昌,jingshangxinchang,1928,胡,齐开,huqikai
234,井上昌,胡齐开,0.24237557038831142,DD903847,井上,昌,井上昌,jingshangchang,1928,胡,齐开,huqikai
235,井上信昌,田世俊,0.21248432413284796,DD903845,井上,信昌,井上信昌,jingshangxinchang,1604,田,世俊,tianshijun
236,井上信昌,卢井发,0.20787651639119986,DD903845,井上,信昌,井上信昌,jingshangxinchang,2706,卢,井发,lujingfa
237,信昌上井,卢井发,0.24672960297815225,DD903846,信昌,上井,信昌上井,xinchangshangjing,2706,卢,井发,lujingfa
238,井上昌,卢井发,0.23475120756066037,DD903847,井上,昌,井上昌,jingshangchang,2706,卢,井发,lujingfa
239,井上信昌,李洪信,0.15480878389847583,DD903845,井上,信昌,井上信昌,jingshangxinchang,1510,李,洪信,lihongxin
240,井上信昌,李洪信,0.15480878389847583,DD903845,井上,信昌,井上信昌,jingshangxinchang,1511,李,洪信,lihongxin
241,井上信昌,李洪信,0.15480878389847583,DD903845,井上,信昌,井上信昌,jingshangxinchang,1512,李,洪信,lihongxin
242,井上信昌,李洪信,0.15480878389847583,DD903845,井上,信昌,井上信昌,jingshangxinchang,1510,李,洪信,lihongxin
243,井上信昌,李洪信,0.15480878389847583,DD903845,井上,信昌,井上信昌,jingshangxinchang,1511,李,洪信,lihongxin
244,井上信昌,李洪信,0.15480878389847583,DD903845,井上,信昌,井上信昌,jingshangxinchang,1512,李,洪信,lihongxin
245,井上昌,马大明,0.1888145915771514,DD903847,井上,昌,井上昌,jingshangchang,1813,马,大明,madaming
246,上昌信,马大明,0.20429417147166914,DD903848,上,昌信,上昌信,shangchangxin,1813,马,大明,madaming
247,上昌,马大明,0.2723793980667734,DD903849,上,昌,上昌,shangchang,1813,马,大明,madaming
248,井上昌,胡大明,0.17522221377290814,DD903847,井上,昌,井上昌,jingshangchang,292,胡,大明,hudaming
249,上昌信,胡大明,0.1895874502450253,DD903848,上,昌信,上昌信,shangchangxin,292,胡,大明,hudaming
250,上昌,胡大明,0.25277136007727746,DD903849,上,昌,上昌,shangchang,292,胡,大明,hudaming
251,井上昌,杨大明,0.16772256590974183,DD903847,井上,昌,井上昌,jingshangchang,2422,杨,大明,yangdaming
252,上昌,杨大明,0.2419525480690576,DD903849,上,昌,上昌,shangchang,2422,杨,大明,yangdaming
253,井上昌,乔伟,0.14722310665154822,DD903847,井上,昌,井上昌,jingshangchang,769,乔,伟,qiaowei
254,上昌信,曹昌福,0.2604463078876338,DD903848,上,昌信,上昌信,shangchangxin,1143,曹,昌福,caochangfu
255,李昌达,曹昌福,0.3051330034979205,HH1234571,李,昌达,李昌达,lichangda,1143,曹,昌福,caochangfu
256,李昌达,曹昌福,0.3051330034979205,HH1234572,李,昌达,李昌达,lichangda,1143,曹,昌福,caochangfu
257,李昌达,曹昌福,0.3051330034979205,HH1234573,李,昌达,李昌达,lichangda,1143,曹,昌福,caochangfu
258,李昌达,曹昌福,0.3051330034979205,HH1234574,李,昌達,李昌達,lichangda,1143,曹,昌福,caochangfu
259,李昌达,曹昌福,0.3051330034979205,HH1234571,李,昌达,李昌达,lichangda,1143,曹,昌福,caochangfu
260,李昌达,曹昌福,0.3051330034979205,HH1234572,李,昌达,李昌达,lichangda,1143,曹,昌福,caochangfu
261,李昌达,曹昌福,0.3051330034979205,HH1234573,李,昌达,李昌达,lichangda,1143,曹,昌福,caochangfu
262,李昌达,曹昌福,0.3051330034979205,HH1234574,李,昌達,李昌達,lichangda,1143,曹,昌福,caochangfu
263,李昌达,曹昌福,0.3051330034979205,HH1234571,李,昌达,李昌达,lichangda,1143,曹,昌福,caochangfu
264,李昌达,曹昌福,0.3051330034979205,HH1234572,李,昌达,李昌达,lichangda,1143,曹,昌福,caochangfu
265,李昌达,曹昌福,0.3051330034979205,HH1234573,李,昌达,李昌达,lichangda,1143,曹,昌福,caochangfu
266,李昌达,曹昌福,0.3051330034979205,HH1234574,李,昌達,李昌達,lichangda,1143,曹,昌福,caochangfu
267,李昌达,曹昌福,0.3051330034979205,HH1234571,李,昌达,李昌达,lichangda,1143,曹,昌福,caochangfu
268,李昌达,曹昌福,0.3051330034979205,HH1234572,李,昌达,李昌达,lichangda,1143,曹,昌福,caochangfu
269,李昌达,曹昌福,0.3051330034979205,HH1234573,李,昌达,李昌达,lichangda,1143,曹,昌福,caochangfu
270,李昌达,曹昌福,0.3051330034979205,HH1234574,李,昌達,李昌達,lichangda,1143,曹,昌福,caochangfu
271,上昌信,黄昌华,0.2596845674692544,DD903848,上,昌信,上昌信,shangchangxin,827,黄,昌华,huangchanghua
272,李昌达,黄昌华,0.3042405656529342,HH1234571,李,昌达,李昌达,lichangda,827,黄,昌华,huangchanghua
273,李昌达,黄昌华,0.3042405656529342,HH1234572,李,昌达,李昌达,lichangda,827,黄,昌华,huangchanghua
274,李昌达,黄昌华,0.3042405656529342,HH1234573,李,昌达,李昌达,lichangda,827,黄,昌华,huangchanghua
275,李昌达,黄昌华,0.3042405656529342,HH1234574,李,昌達,李昌達,lichangda,827,黄,昌华,huangchanghua
276,李昌达,黄昌华,0.3042405656529342,HH1234571,李,昌达,李昌达,lichangda,827,黄,昌华,huangchanghua
277,李昌达,黄昌华,0.3042405656529342,HH1234572,李,昌达,李昌达,lichangda,827,黄,昌华,huangchanghua
278,李昌达,黄昌华,0.3042405656529342,HH1234573,李,昌达,李昌达,lichangda,827,黄,昌华,huangchanghua
279,李昌达,黄昌华,0.3042405656529342,HH1234574,李,昌達,李昌達,lichangda,827,黄,昌华,huangchanghua
280,李昌达,黄昌华,0.3042405656529342,HH1234571,李,昌达,李昌达,lichangda,827,黄,昌华,huangchanghua
281,李昌达,黄昌华,0.3042405656529342,HH1234572,李,昌达,李昌达,lichangda,827,黄,昌华,huangchanghua
282,李昌达,黄昌华,0.3042405656529342,HH1234573,李,昌达,李昌达,lichangda,827,黄,昌华,huangchanghua
283,李昌达,黄昌华,0.3042405656529342,HH1234574,李,昌達,李昌達,lichangda,827,黄,昌华,huangchanghua
284,李昌达,黄昌华,0.3042405656529342,HH1234571,李,昌达,李昌达,lichangda,827,黄,昌华,huangchanghua
285,李昌达,黄昌华,0.3042405656529342,HH1234572,李,昌达,李昌达,lichangda,827,黄,昌华,huangchanghua
286,李昌达,黄昌华,0.3042405656529342,HH1234573,李,昌达,李昌达,lichangda,827,黄,昌华,huangchanghua
287,李昌达,黄昌华,0.3042405656529342,HH1234574,李,昌達,李昌達,lichangda,827,黄,昌华,huangchanghua
288,上昌,王社昌,0.163025386393829,DD903849,上,昌,上昌,shangchang,3007,王,社昌,wangshechang
289,上昌,刘元昌,0.16127716946076792,DD903849,上,昌,上昌,shangchang,310,刘,元昌,liuyuanchang
290,徐佘余,徐佘余,1.0,EE123456,徐,佘余,徐佘余,xusheyu,239,徐,佘余,xusheyu
291,徐佘,徐佘余,0.6166825668922706,EE123457,徐,佘,徐佘,xushe,239,徐,佘余,xusheyu
292,佘余,徐佘余,0.7872119229859011,EE123458,佘,余,佘余,sheyu,239,徐,佘余,xusheyu
293,徐佘余,徐俊,0.379793737517662,EE123456,徐,佘余,徐佘余,xusheyu,1683,徐,俊,xujun
294,徐佘,徐俊,0.6158658569377217,EE123457,徐,佘,徐佘,xushe,1683,徐,俊,xujun
295,徐佘余,徐仲,0.34588988394195597,EE123456,徐,佘余,徐佘余,xusheyu,2601,徐,仲,xuzhong
296,徐佘,徐仲,0.5608880524789996,EE123457,徐,佘,徐佘,xushe,2601,徐,仲,xuzhong
297,徐佘余,徐全胜,0.2477133266077714,EE123456,徐,佘余,徐佘余,xusheyu,2321,徐,全胜,xuquansheng
298,徐佘,徐全胜,0.40168692923509375,EE123457,徐,佘,徐佘,xushe,2321,徐,全胜,xuquansheng
299,徐佘余,佘林成,0.1944887406288746,EE123456,徐,佘余,徐佘余,xusheyu,746,佘,林成,shelincheng
300,佘余,佘林成,0.24706020697854433,EE123458,佘,余,佘余,sheyu,746,佘,林成,shelincheng
301,徐佘余,凃大荣,0.14776884130190573,EE123456,徐,佘余,徐佘余,xusheyu,823,凃,大荣,tudarong
302,徐佘,凃大荣,0.23961896968577642,EE123457,徐,佘,徐佘,xushe,823,凃,大荣,tudarong
303,徐佘余,余强,0.14609758490425268,EE123456,徐,佘余,徐佘余,xusheyu,2466,余,强,yuqiang
304,佘余,余强,0.1855886332997897,EE123458,佘,余,佘余,sheyu,2466,余,强,yuqiang
305,徐佘余,余宝,0.14530596031441975,EE123456,徐,佘余,徐佘余,xusheyu,40,余,宝,yubao
306,佘余,余宝,0.18458302786278072,EE123458,佘,余,佘余,sheyu,40,余,宝,yubao
307,徐佘余,徐明,0.12861456742166902,EE123456,徐,佘余,徐佘余,xusheyu,2410,徐,明,xuming
308,徐佘,徐明,0.2085587858755491,EE123457,徐,佘,徐佘,xushe,2410,徐,明,xuming
309,徐佘余,徐峰,0.12008587545853136,EE123456,徐,佘余,徐佘余,xusheyu,2083,徐,峰,xufeng
310,徐佘余,徐峰,0.12008587545853136,EE123456,徐,佘余,徐佘余,xusheyu,2084,徐,峰,xufeng
311,徐佘,徐峰,0.1947288311775958,EE123457,徐,佘,徐佘,xushe,2083,徐,峰,xufeng
312,徐佘,徐峰,0.1947288311775958,EE123457,徐,佘,徐佘,xushe,2084,徐,峰,xufeng
313,徐佘,徐峰,0.1947288311775958,EE123457,徐,佘,徐佘,xushe,2083,徐,峰,xufeng
314,徐佘,徐峰,0.1947288311775958,EE123457,徐,佘,徐佘,xushe,2084,徐,峰,xufeng
315,徐佘,徐红,0.18764189818137053,EE123457,徐,佘,徐佘,xushe,485,徐,红,xuhong
316,徐佘,徐龙,0.1874561651494737,EE123457,徐,佘,徐佘,xushe,1652,徐,龙,xulong
317,佘余,余建忠,0.1522527851445147,EE123458,佘,余,佘余,sheyu,1554,余,建忠,yujianzhong
318,佘余,余建国,0.15170436062439815,EE123458,佘,余,佘余,sheyu,2385,余,建国,yujianguo
319,佘余,余文军,0.15034191925512905,EE123458,佘,余,佘余,sheyu,2114,余,文军,yuwenjun
320,佘余,余志鹏,0.14621399132524712,EE123458,佘,余,佘余,sheyu,2647,余,志鹏,yuzhipeng
321,佘余,余海兵,0.14412243104250558,EE123458,佘,余,佘余,sheyu,2750,余,海兵,yuhaibing
322,佘余,余龙飞,0.13828310189837084,EE123458,佘,余,佘余,sheyu,2324,余,龙飞,yulongfei
323,李昌达,李明,0.40844803453856515,HH1234571,李,昌达,李昌达,lichangda,1344,李,明,liming
324,李昌达,李明,0.40844803453856515,HH1234572,李,昌达,李昌达,lichangda,1344,李,明,liming
325,李昌达,李明,0.40844803453856515,HH1234573,李,昌达,李昌达,lichangda,1344,李,明,liming
326,李昌达,李明,0.40844803453856515,HH1234574,李,昌達,李昌達,lichangda,1344,李,明,liming
327,李昌达,李明,0.40844803453856515,HH1234571,李,昌达,李昌达,lichangda,1344,李,明,liming
328,李昌达,李明,0.40844803453856515,HH1234572,李,昌达,李昌达,lichangda,1344,李,明,liming
329,李昌达,李明,0.40844803453856515,HH1234573,李,昌达,李昌达,lichangda,1344,李,明,liming
330,李昌达,李明,0.40844803453856515,HH1234574,李,昌達,李昌達,lichangda,1344,李,明,liming
331,李昌达,李明,0.40844803453856515,HH1234571,李,昌达,李昌达,lichangda,1344,李,明,liming
332,李昌达,李明,0.40844803453856515,HH1234572,李,昌达,李昌达,lichangda,1344,李,明,liming
333,李昌达,李明,0.40844803453856515,HH1234573,李,昌达,李昌达,lichangda,1344,李,明,liming
334,李昌达,李明,0.40844803453856515,HH1234574,李,昌達,李昌達,lichangda,1344,李,明,liming
335,李昌达,李明,0.40844803453856515,HH1234571,李,昌达,李昌达,lichangda,1344,李,明,liming
336,李昌达,李明,0.40844803453856515,HH1234572,李,昌达,李昌达,lichangda,1344,李,明,liming
337,李昌达,李明,0.40844803453856515,HH1234573,李,昌达,李昌达,lichangda,1344,李,明,liming
338,李昌达,李明,0.40844803453856515,HH1234574,李,昌達,李昌達,lichangda,1344,李,明,liming
339,李昌达,王达达,0.29480549732665845,HH1234571,李,昌达,李昌达,lichangda,2518,王,达达,wangdada
340,李昌达,王达达,0.29480549732665845,HH1234572,李,昌达,李昌达,lichangda,2518,王,达达,wangdada
341,李昌达,王达达,0.29480549732665845,HH1234573,李,昌达,李昌达,lichangda,2518,王,达达,wangdada
342,李昌达,王达达,0.29480549732665845,HH1234574,李,昌達,李昌達,lichangda,2518,王,达达,wangdada
343,李昌达,王达达,0.29480549732665845,HH1234571,李,昌达,李昌达,lichangda,2518,王,达达,wangdada
344,李昌达,王达达,0.29480549732665845,HH1234572,李,昌达,李昌达,lichangda,2518,王,达达,wangdada
345,李昌达,王达达,0.29480549732665845,HH1234573,李,昌达,李昌达,lichangda,2518,王,达达,wangdada
346,李昌达,王达达,0.29480549732665845,HH1234574,李,昌達,李昌達,lichangda,2518,王,达达,wangdada
347,李昌达,王达达,0.29480549732665845,HH1234571,李,昌达,李昌达,lichangda,2518,王,达达,wangdada
348,李昌达,王达达,0.29480549732665845,HH1234572,李,昌达,李昌达,lichangda,2518,王,达达,wangdada
349,李昌达,王达达,0.29480549732665845,HH1234573,李,昌达,李昌达,lichangda,2518,王,达达,wangdada
350,李昌达,王达达,0.29480549732665845,HH1234574,李,昌達,李昌達,lichangda,2518,王,达达,wangdada
351,李昌达,王达达,0.29480549732665845,HH1234571,李,昌达,李昌达,lichangda,2518,王,达达,wangdada
352,李昌达,王达达,0.29480549732665845,HH1234572,李,昌达,李昌达,lichangda,2518,王,达达,wangdada
353,李昌达,王达达,0.29480549732665845,HH1234573,李,昌达,李昌达,lichangda,2518,王,达达,wangdada
354,李昌达,王达达,0.29480549732665845,HH1234574,李,昌達,李昌達,lichangda,2518,王,达达,wangdada
355,细见达秀,王达达,0.2988724964342015,GG1234576,细见,达秀,细见达秀,xijiandaxiu,2518,王,达达,wangdada
356,细见达秀,王达达,0.2988724964342015,GG1234577,细见,达秀,细见达秀,xijiandaxiu,2518,王,达达,wangdada
357,细见达秀,王达达,0.2988724964342015,GG1234578,细见,达秀,细见达秀,xijiandaxiu,2518,王,达达,wangdada
358,细见达秀,王达达,0.2988724964342015,GG1234576,细见,达秀,细见达秀,xijiandaxiu,2518,王,达达,wangdada
359,细见达秀,王达达,0.2988724964342015,GG1234577,细见,达秀,细见达秀,xijiandaxiu,2518,王,达达,wangdada
360,细见达秀,王达达,0.2988724964342015,GG1234578,细见,达秀,细见达秀,xijiandaxiu,2518,王,达达,wangdada
361,细见达秀,王达达,0.2988724964342015,GG1234576,细见,达秀,细见达秀,xijiandaxiu,2518,王,达达,wangdada
362,细见达秀,王达达,0.2988724964342015,GG1234577,细见,达秀,细见达秀,xijiandaxiu,2518,王,达达,wangdada
363,细见达秀,王达达,0.2988724964342015,GG1234578,细见,达秀,细见达秀,xijiandaxiu,2518,王,达达,wangdada
364,李昌达,李晶,0.28311237104273634,HH1234571,李,昌达,李昌达,lichangda,1109,李,晶,lijing
365,李昌达,李晶,0.28311237104273634,HH1234572,李,昌达,李昌达,lichangda,1109,李,晶,lijing
366,李昌达,李晶,0.28311237104273634,HH1234573,李,昌达,李昌达,lichangda,1109,李,晶,lijing
367,李昌达,李晶,0.28311237104273634,HH1234574,李,昌達,李昌達,lichangda,1109,李,晶,lijing
368,李昌达,李晶,0.28311237104273634,HH1234571,李,昌达,李昌达,lichangda,1109,李,晶,lijing
369,李昌达,李晶,0.28311237104273634,HH1234572,李,昌达,李昌达,lichangda,1109,李,晶,lijing
370,李昌达,李晶,0.28311237104273634,HH1234573,李,昌达,李昌达,lichangda,1109,李,晶,lijing
371,李昌达,李晶,0.28311237104273634,HH1234574,李,昌達,李昌達,lichangda,1109,李,晶,lijing
372,李昌达,李晶,0.28311237104273634,HH1234571,李,昌达,李昌达,lichangda,1109,李,晶,lijing
373,李昌达,李晶,0.28311237104273634,HH1234572,李,昌达,李昌达,lichangda,1109,李,晶,lijing
374,李昌达,李晶,0.28311237104273634,HH1234573,李,昌达,李昌达,lichangda,1109,李,晶,lijing
375,李昌达,李晶,0.28311237104273634,HH1234574,李,昌達,李昌達,lichangda,1109,李,晶,lijing
376,李昌达,李晶,0.28311237104273634,HH1234571,李,昌达,李昌达,lichangda,1109,李,晶,lijing
377,李昌达,李晶,0.28311237104273634,HH1234572,李,昌达,李昌达,lichangda,1109,李,晶,lijing
378,李昌达,李晶,0.28311237104273634,HH1234573,李,昌达,李昌达,lichangda,1109,李,晶,lijing
379,李昌达,李晶,0.28311237104273634,HH1234574,李,昌達,李昌達,lichangda,1109,李,晶,lijing
380,细见达秀,细见达秀,1.0,GG1234576,细见,达秀,细见达秀,xijiandaxiu,2970,细见,达秀,xijiandaxiu
381,细见达秀,细见达秀,1.0,GG1234577,细见,达秀,细见达秀,xijiandaxiu,2970,细见,达秀,xijiandaxiu
382,细见达秀,细见达秀,1.0,GG1234578,细见,达秀,细见达秀,xijiandaxiu,2970,细见,达秀,xijiandaxiu
383,细见达秀,细见达秀,1.0,GG1234576,细见,达秀,细见达秀,xijiandaxiu,2970,细见,达秀,xijiandaxiu
384,细见达秀,细见达秀,1.0,GG1234577,细见,达秀,细见达秀,xijiandaxiu,2970,细见,达秀,xijiandaxiu
385,细见达秀,细见达秀,1.0,GG1234578,细见,达秀,细见达秀,xijiandaxiu,2970,细见,达秀,xijiandaxiu
386,细见达秀,细见达秀,1.0,GG1234576,细见,达秀,细见达秀,xijiandaxiu,2970,细见,达秀,xijiandaxiu
387,细见达秀,细见达秀,1.0,GG1234577,细见,达秀,细见达秀,xijiandaxiu,2970,细见,达秀,xijiandaxiu
388,细见达秀,细见达秀,1.0,GG1234578,细见,达秀,细见达秀,xijiandaxiu,2970,细见,达秀,xijiandaxiu
389,细见达秀,庄达生,0.22731295616571368,GG1234576,细见,达秀,细见达秀,xijiandaxiu,2904,庄,达生,zhuangdasheng
390,细见达秀,庄达生,0.22731295616571368,GG1234577,细见,达秀,细见达秀,xijiandaxiu,2904,庄,达生,zhuangdasheng
391,细见达秀,庄达生,0.22731295616571368,GG1234578,细见,达秀,细见达秀,xijiandaxiu,2904,庄,达生,zhuangdasheng
392,细见达秀,庄达生,0.22731295616571368,GG1234576,细见,达秀,细见达秀,xijiandaxiu,2904,庄,达生,zhuangdasheng
393,细见达秀,庄达生,0.22731295616571368,GG1234577,细见,达秀,细见达秀,xijiandaxiu,2904,庄,达生,zhuangdasheng
394,细见达秀,庄达生,0.22731295616571368,GG1234578,细见,达秀,细见达秀,xijiandaxiu,2904,庄,达生,zhuangdasheng
395,细见达秀,庄达生,0.22731295616571368,GG1234576,细见,达秀,细见达秀,xijiandaxiu,2904,庄,达生,zhuangdasheng
396,细见达秀,庄达生,0.22731295616571368,GG1234577,细见,达秀,细见达秀,xijiandaxiu,2904,庄,达生,zhuangdasheng
397,细见达秀,庄达生,0.22731295616571368,GG1234578,细见,达秀,细见达秀,xijiandaxiu,2904,庄,达生,zhuangdasheng
398,细见达秀,袁达明,0.21849964981926084,GG1234576,细见,达秀,细见达秀,xijiandaxiu,1503,袁,达明,yuandaming
399,细见达秀,袁达明,0.21849964981926084,GG1234577,细见,达秀,细见达秀,xijiandaxiu,1503,袁,达明,yuandaming
400,细见达秀,袁达明,0.21849964981926084,GG1234578,细见,达秀,细见达秀,xijiandaxiu,1503,袁,达明,yuandaming
401,细见达秀,袁达明,0.21849964981926084,GG1234576,细见,达秀,细见达秀,xijiandaxiu,1503,袁,达明,yuandaming
402,细见达秀,袁达明,0.21849964981926084,GG1234577,细见,达秀,细见达秀,xijiandaxiu,1503,袁,达明,yuandaming
403,细见达秀,袁达明,0.21849964981926084,GG1234578,细见,达秀,细见达秀,xijiandaxiu,1503,袁,达明,yuandaming
404,细见达秀,袁达明,0.21849964981926084,GG1234576,细见,达秀,细见达秀,xijiandaxiu,1503,袁,达明,yuandaming
405,细见达秀,袁达明,0.21849964981926084,GG1234577,细见,达秀,细见达秀,xijiandaxiu,1503,袁,达明,yuandaming
406,细见达秀,袁达明,0.21849964981926084,GG1234578,细见,达秀,细见达秀,xijiandaxiu,1503,袁,达明,yuandaming
407,细见达秀,贺达园,0.21515091087455396,GG1234576,细见,达秀,细见达秀,xijiandaxiu,1851,贺,达园,hedayuan
408,细见达秀,贺达园,0.21515091087455396,GG1234577,细见,达秀,细见达秀,xijiandaxiu,1851,贺,达园,hedayuan
409,细见达秀,贺达园,0.21515091087455396,GG1234578,细见,达秀,细见达秀,xijiandaxiu,1851,贺,达园,hedayuan
410,细见达秀,贺达园,0.21515091087455396,GG1234576,细见,达秀,细见达秀,xijiandaxiu,1851,贺,达园,hedayuan
411,细见达秀,贺达园,0.21515091087455396,GG1234577,细见,达秀,细见达秀,xijiandaxiu,1851,贺,达园,hedayuan
412,细见达秀,贺达园,0.21515091087455396,GG1234578,细见,达秀,细见达秀,xijiandaxiu,1851,贺,达园,hedayuan
413,细见达秀,贺达园,0.21515091087455396,GG1234576,细见,达秀,细见达秀,xijiandaxiu,1851,贺,达园,hedayuan
414,细见达秀,贺达园,0.21515091087455396,GG1234577,细见,达秀,细见达秀,xijiandaxiu,1851,贺,达园,hedayuan
415,细见达秀,贺达园,0.21515091087455396,GG1234578,细见,达秀,细见达秀,xijiandaxiu,1851,贺,达园,hedayuan
416,细见达秀,伊藤达一,0.1775439535054396,GG1234576,细见,达秀,细见达秀,xijiandaxiu,2509,伊藤,达一,yitengdayi
417,细见达秀,伊藤达一,0.1775439535054396,GG1234577,细见,达秀,细见达秀,xijiandaxiu,2509,伊藤,达一,yitengdayi
418,细见达秀,伊藤达一,0.1775439535054396,GG1234578,细见,达秀,细见达秀,xijiandaxiu,2509,伊藤,达一,yitengdayi
419,细见达秀,伊藤达一,0.1775439535054396,GG1234576,细见,达秀,细见达秀,xijiandaxiu,2509,伊藤,达一,yitengdayi
420,细见达秀,伊藤达一,0.1775439535054396,GG1234577,细见,达秀,细见达秀,xijiandaxiu,2509,伊藤,达一,yitengdayi
421,细见达秀,伊藤达一,0.1775439535054396,GG1234578,细见,达秀,细见达秀,xijiandaxiu,2509,伊藤,达一,yitengdayi
422,细见达秀,伊藤达一,0.1775439535054396,GG1234576,细见,达秀,细见达秀,xijiandaxiu,2509,伊藤,达一,yitengdayi
423,细见达秀,伊藤达一,0.1775439535054396,GG1234577,细见,达秀,细见达秀,xijiandaxiu,2509,伊藤,达一,yitengdayi
424,细见达秀,伊藤达一,0.1775439535054396,GG1234578,细见,达秀,细见达秀,xijiandaxiu,2509,伊藤,达一,yitengdayi
425,细见达秀,邓细文,0.1395702580693782,GG1234576,细见,达秀,细见达秀,xijiandaxiu,165,邓,细文,dengxiwen
426,细见达秀,邓细文,0.1395702580693782,GG1234577,细见,达秀,细见达秀,xijiandaxiu,165,邓,细文,dengxiwen
427,细见达秀,邓细文,0.1395702580693782,GG1234578,细见,达秀,细见达秀,xijiandaxiu,165,邓,细文,dengxiwen
428,细见达秀,邓细文,0.1395702580693782,GG1234576,细见,达秀,细见达秀,xijiandaxiu,165,邓,细文,dengxiwen
429,细见达秀,邓细文,0.1395702580693782,GG1234577,细见,达秀,细见达秀,xijiandaxiu,165,邓,细文,dengxiwen
430,细见达秀,邓细文,0.1395702580693782,GG1234578,细见,达秀,细见达秀,xijiandaxiu,165,邓,细文,dengxiwen
431,细见达秀,邓细文,0.1395702580693782,GG1234576,细见,达秀,细见达秀,xijiandaxiu,165,邓,细文,dengxiwen
432,细见达秀,邓细文,0.1395702580693782,GG1234577,细见,达秀,细见达秀,xijiandaxiu,165,邓,细文,dengxiwen
433,细见达秀,邓细文,0.1395702580693782,GG1234578,细见,达秀,细见达秀,xijiandaxiu,165,邓,细文,dengxiwen
434,细见达秀,袁秀秀,0.13465470028702856,GG1234576,细见,达秀,细见达秀,xijiandaxiu,288,袁,秀秀,yuanxiuxiu
435,细见达秀,袁秀秀,0.13465470028702856,GG1234577,细见,达秀,细见达秀,xijiandaxiu,288,袁,秀秀,yuanxiuxiu
436,细见达秀,袁秀秀,0.13465470028702856,GG1234578,细见,达秀,细见达秀,xijiandaxiu,288,袁,秀秀,yuanxiuxiu
437,细见达秀,袁秀秀,0.13465470028702856,GG1234576,细见,达秀,细见达秀,xijiandaxiu,288,袁,秀秀,yuanxiuxiu
438,细见达秀,袁秀秀,0.13465470028702856,GG1234577,细见,达秀,细见达秀,xijiandaxiu,288,袁,秀秀,yuanxiuxiu
439,细见达秀,袁秀秀,0.13465470028702856,GG1234578,细见,达秀,细见达秀,xijiandaxiu,288,袁,秀秀,yuanxiuxiu
440,细见达秀,袁秀秀,0.13465470028702856,GG1234576,细见,达秀,细见达秀,xijiandaxiu,288,袁,秀秀,yuanxiuxiu
441,细见达秀,袁秀秀,0.13465470028702856,GG1234577,细见,达秀,细见达秀,xijiandaxiu,288,袁,秀秀,yuanxiuxiu
442,细见达秀,袁秀秀,0.13465470028702856,GG1234578,细见,达秀,细见达秀,xijiandaxiu,288,袁,秀秀,yuanxiuxiu
443,细见达秀,张秀,0.13265814667282808,GG1234576,细见,达秀,细见达秀,xijiandaxiu,192,张,秀,zhangxiu
444,细见达秀,张秀,0.13265814667282808,GG1234577,细见,达秀,细见达秀,xijiandaxiu,192,张,秀,zhangxiu
445,细见达秀,张秀,0.13265814667282808,GG1234578,细见,达秀,细见达秀,xijiandaxiu,192,张,秀,zhangxiu
446,细见达秀,张秀,0.13265814667282808,GG1234576,细见,达秀,细见达秀,xijiandaxiu,192,张,秀,zhangxiu
447,细见达秀,张秀,0.13265814667282808,GG1234577,细见,达秀,细见达秀,xijiandaxiu,192,张,秀,zhangxiu
448,细见达秀,张秀,0.13265814667282808,GG1234578,细见,达秀,细见达秀,xijiandaxiu,192,张,秀,zhangxiu
449,细见达秀,张秀,0.13265814667282808,GG1234576,细见,达秀,细见达秀,xijiandaxiu,192,张,秀,zhangxiu
450,细见达秀,张秀,0.13265814667282808,GG1234577,细见,达秀,细见达秀,xijiandaxiu,192,张,秀,zhangxiu
451,细见达秀,张秀,0.13265814667282808,GG1234578,细见,达秀,细见达秀,xijiandaxiu,192,张,秀,zhangxiu
452,细见达秀,周细阳,0.13121903933031814,GG1234576,细见,达秀,细见达秀,xijiandaxiu,232,周,细阳,zhouxiyang
453,细见达秀,周细阳,0.13121903933031814,GG1234577,细见,达秀,细见达秀,xijiandaxiu,232,周,细阳,zhouxiyang
454,细见达秀,周细阳,0.13121903933031814,GG1234578,细见,达秀,细见达秀,xijiandaxiu,232,周,细阳,zhouxiyang
455,细见达秀,周细阳,0.13121903933031814,GG1234576,细见,达秀,细见达秀,xijiandaxiu,232,周,细阳,zhouxiyang
456,细见达秀,周细阳,0.13121903933031814,GG1234577,细见,达秀,细见达秀,xijiandaxiu,232,周,细阳,zhouxiyang
457,细见达秀,周细阳,0.13121903933031814,GG1234578,细见,达秀,细见达秀,xijiandaxiu,232,周,细阳,zhouxiyang
458,细见达秀,周细阳,0.13121903933031814,GG1234576,细见,达秀,细见达秀,xijiandaxiu,232,周,细阳,zhouxiyang
459,细见达秀,周细阳,0.13121903933031814,GG1234577,细见,达秀,细见达秀,xijiandaxiu,232,周,细阳,zhouxiyang
460,细见达秀,周细阳,0.13121903933031814,GG1234578,细见,达秀,细见达秀,xijiandaxiu,232,周,细阳,zhouxiyang
461,陈章华,陈章华,0.9999999999999999,FF1234579,陈,章华,陈章华,chenzhanghua,19,陈,章华,chenzhanghua
462,陈章华,陈章华,0.9999999999999999,FF1234580,陳,章华,陳章华,chenzhanghua,19,陈,章华,chenzhanghua
463,陈章华,陈章华,0.9999999999999999,FF1234581,陈,章華,陈章華,chenzhanghua,19,陈,章华,chenzhanghua
464,陈章华,陈章华,0.9999999999999999,FF1234579,陈,章华,陈章华,chenzhanghua,19,陈,章华,chenzhanghua
465,陈章华,陈章华,0.9999999999999999,FF1234580,陳,章华,陳章华,chenzhanghua,19,陈,章华,chenzhanghua
466,陈章华,陈章华,0.9999999999999999,FF1234581,陈,章華,陈章華,chenzhanghua,19,陈,章华,chenzhanghua
467,陈章华,陈章华,0.9999999999999999,FF1234579,陈,章华,陈章华,chenzhanghua,19,陈,章华,chenzhanghua
468,陈章华,陈章华,0.9999999999999999,FF1234580,陳,章华,陳章华,chenzhanghua,19,陈,章华,chenzhanghua
469,陈章华,陈章华,0.9999999999999999,FF1234581,陈,章華,陈章華,chenzhanghua,19,陈,章华,chenzhanghua
470,陈章华,钱章兴,0.32408708597967417,FF1234579,陈,章华,陈章华,chenzhanghua,1832,钱,章兴,qianzhangxing
471,陈章华,钱章兴,0.32408708597967417,FF1234580,陳,章华,陳章华,chenzhanghua,1832,钱,章兴,qianzhangxing
472,陈章华,钱章兴,0.32408708597967417,FF1234581,陈,章華,陈章華,chenzhanghua,1832,钱,章兴,qianzhangxing
473,陈章华,钱章兴,0.32408708597967417,FF1234579,陈,章华,陈章华,chenzhanghua,1832,钱,章兴,qianzhangxing
474,陈章华,钱章兴,0.32408708597967417,FF1234580,陳,章华,陳章华,chenzhanghua,1832,钱,章兴,qianzhangxing
475,陈章华,钱章兴,0.32408708597967417,FF1234581,陈,章華,陈章華,chenzhanghua,1832,钱,章兴,qianzhangxing
476,陈章华,钱章兴,0.32408708597967417,FF1234579,陈,章华,陈章华,chenzhanghua,1832,钱,章兴,qianzhangxing
477,陈章华,钱章兴,0.32408708597967417,FF1234580,陳,章华,陳章华,chenzhanghua,1832,钱,章兴,qianzhangxing
478,陈章华,钱章兴,0.32408708597967417,FF1234581,陈,章華,陈章華,chenzhanghua,1832,钱,章兴,qianzhangxing
479,陈章华,黄章滨,0.302394318451941,FF1234579,陈,章华,陈章华,chenzhanghua,1488,黄,章滨,huangzhangbin
480,陈章华,黄章滨,0.302394318451941,FF1234580,陳,章华,陳章华,chenzhanghua,1488,黄,章滨,huangzhangbin
481,陈章华,黄章滨,0.302394318451941,FF1234581,陈,章華,陈章華,chenzhanghua,1488,黄,章滨,huangzhangbin
482,陈章华,黄章滨,0.302394318451941,FF1234579,陈,章华,陈章华,chenzhanghua,1488,黄,章滨,huangzhangbin
483,陈章华,黄章滨,0.302394318451941,FF1234580,陳,章华,陳章华,chenzhanghua,1488,黄,章滨,huangzhangbin
484,陈章华,黄章滨,0.302394318451941,FF1234581,陈,章華,陈章華,chenzhanghua,1488,黄,章滨,huangzhangbin
485,陈章华,黄章滨,0.302394318451941,FF1234579,陈,章华,陈章华,chenzhanghua,1488,黄,章滨,huangzhangbin
486,陈章华,黄章滨,0.302394318451941,FF1234580,陳,章华,陳章华,chenzhanghua,1488,黄,章滨,huangzhangbin
487,陈章华,黄章滨,0.302394318451941,FF1234581,陈,章華,陈章華,chenzhanghua,1488,黄,章滨,huangzhangbin
488,陈章华,陈华,0.22385381630756784,FF1234579,陈,章华,陈章华,chenzhanghua,2920,陈,华,chenhua
489,陈章华,陈华,0.22385381630756784,FF1234580,陳,章华,陳章华,chenzhanghua,2920,陈,华,chenhua
490,陈章华,陈华,0.22385381630756784,FF1234581,陈,章華,陈章華,chenzhanghua,2920,陈,华,chenhua
491,陈章华,陈华,0.22385381630756784,FF1234579,陈,章华,陈章华,chenzhanghua,2920,陈,华,chenhua
492,陈章华,陈华,0.22385381630756784,FF1234580,陳,章华,陳章华,chenzhanghua,2920,陈,华,chenhua
493,陈章华,陈华,0.22385381630756784,FF1234581,陈,章華,陈章華,chenzhanghua,2920,陈,华,chenhua
494,陈章华,陈华,0.22385381630756784,FF1234579,陈,章华,陈章华,chenzhanghua,2920,陈,华,chenhua
495,陈章华,陈华,0.22385381630756784,FF1234580,陳,章华,陳章华,chenzhanghua,2920,陈,华,chenhua
496,陈章华,陈华,0.22385381630756784,FF1234581,陈,章華,陈章華,chenzhanghua,2920,陈,华,chenhua
497,陈章华,刘国章,0.18828396390727553,FF1234579,陈,章华,陈章华,chenzhanghua,2589,刘,国章,liuguozhang
498,陈章华,刘国章,0.18828396390727553,FF1234580,陳,章华,陳章华,chenzhanghua,2589,刘,国章,liuguozhang
499,陈章华,刘国章,0.18828396390727553,FF1234581,陈,章華,陈章華,chenzhanghua,2589,刘,国章,liuguozhang
500,陈章华,刘国章,0.18828396390727553,FF1234579,陈,章华,陈章华,chenzhanghua,2589,刘,国章,liuguozhang
501,陈章华,刘国章,0.18828396390727553,FF1234580,陳,章华,陳章华,chenzhanghua,2589,刘,国章,liuguozhang
502,陈章华,刘国章,0.18828396390727553,FF1234581,陈,章華,陈章華,chenzhanghua,2589,刘,国章,liuguozhang
503,陈章华,刘国章,0.18828396390727553,FF1234579,陈,章华,陈章华,chenzhanghua,2589,刘,国章,liuguozhang
504,陈章华,刘国章,0.18828396390727553,FF1234580,陳,章华,陳章华,chenzhanghua,2589,刘,国章,liuguozhang
505,陈章华,刘国章,0.18828396390727553,FF1234581,陈,章華,陈章華,chenzhanghua,2589,刘,国章,liuguozhang
506,陈章华,章建锋,0.18269652423398886,FF1234579,陈,章华,陈章华,chenzhanghua,1237,章,建锋,zhangjianfeng
507,陈章华,章建锋,0.18269652423398886,FF1234580,陳,章华,陳章华,chenzhanghua,1237,章,建锋,zhangjianfeng
508,陈章华,章建锋,0.18269652423398886,FF1234581,陈,章華,陈章華,chenzhanghua,1237,章,建锋,zhangjianfeng
509,陈章华,章建锋,0.18269652423398886,FF1234579,陈,章华,陈章华,chenzhanghua,1237,章,建锋,zhangjianfeng
510,陈章华,章建锋,0.18269652423398886,FF1234580,陳,章华,陳章华,chenzhanghua,1237,章,建锋,zhangjianfeng
511,陈章华,章建锋,0.18269652423398886,FF1234581,陈,章華,陈章華,chenzhanghua,1237,章,建锋,zhangjianfeng
512,陈章华,章建锋,0.18269652423398886,FF1234579,陈,章华,陈章华,chenzhanghua,1237,章,建锋,zhangjianfeng
513,陈章华,章建锋,0.18269652423398886,FF1234580,陳,章华,陳章华,chenzhanghua,1237,章,建锋,zhangjianfeng
514,陈章华,章建锋,0.18269652423398886,FF1234581,陈,章華,陈章華,chenzhanghua,1237,章,建锋,zhangjianfeng
515,陈章华,章培玉,0.17055363830906953,FF1234579,陈,章华,陈章华,chenzhanghua,2028,章,培玉,zhangpeiyu
516,陈章华,章培玉,0.17055363830906953,FF1234580,陳,章华,陳章华,chenzhanghua,2028,章,培玉,zhangpeiyu
517,陈章华,章培玉,0.17055363830906953,FF1234581,陈,章華,陈章華,chenzhanghua,2028,章,培玉,zhangpeiyu
518,陈章华,章培玉,0.17055363830906953,FF1234579,陈,章华,陈章华,chenzhanghua,2028,章,培玉,zhangpeiyu
519,陈章华,章培玉,0.17055363830906953,FF1234580,陳,章华,陳章华,chenzhanghua,2028,章,培玉,zhangpeiyu
520,陈章华,章培玉,0.17055363830906953,FF1234581,陈,章華,陈章華,chenzhanghua,2028,章,培玉,zhangpeiyu
521,陈章华,章培玉,0.17055363830906953,FF1234579,陈,章华,陈章华,chenzhanghua,2028,章,培玉,zhangpeiyu
522,陈章华,章培玉,0.17055363830906953,FF1234580,陳,章华,陳章华,chenzhanghua,2028,章,培玉,zhangpeiyu
523,陈章华,章培玉,0.17055363830906953,FF1234581,陈,章華,陈章華,chenzhanghua,2028,章,培玉,zhangpeiyu
524,陈章华,窦文章,0.16500151027098464,FF1234579,陈,章华,陈章华,chenzhanghua,2318,窦,文章,douwenzhang
525,陈章华,窦文章,0.16500151027098464,FF1234580,陳,章华,陳章华,chenzhanghua,2318,窦,文章,douwenzhang
526,陈章华,窦文章,0.16500151027098464,FF1234581,陈,章華,陈章華,chenzhanghua,2318,窦,文章,douwenzhang
527,陈章华,窦文章,0.16500151027098464,FF1234579,陈,章华,陈章华,chenzhanghua,2318,窦,文章,douwenzhang
528,陈章华,窦文章,0.16500151027098464,FF1234580,陳,章华,陳章华,chenzhanghua,2318,窦,文章,douwenzhang
529,陈章华,窦文章,0.16500151027098464,FF1234581,陈,章華,陈章華,chenzhanghua,2318,窦,文章,douwenzhang
530,陈章华,窦文章,0.16500151027098464,FF1234579,陈,章华,陈章华,chenzhanghua,2318,窦,文章,douwenzhang
531,陈章华,窦文章,0.16500151027098464,FF1234580,陳,章华,陳章华,chenzhanghua,2318,窦,文章,douwenzhang
532,陈章华,窦文章,0.16500151027098464,FF1234581,陈,章華,陈章華,chenzhanghua,2318,窦,文章,douwenzhang
533,陈章华,魏焕章,0.15447793288204667,FF1234579,陈,章华,陈章华,chenzhanghua,1968,魏,焕章,weihuanzhang
534,陈章华,魏焕章,0.15447793288204667,FF1234580,陳,章华,陳章华,chenzhanghua,1968,魏,焕章,weihuanzhang
535,陈章华,魏焕章,0.15447793288204667,FF1234581,陈,章華,陈章華,chenzhanghua,1968,魏,焕章,weihuanzhang
536,陈章华,魏焕章,0.15447793288204667,FF1234579,陈,章华,陈章华,chenzhanghua,1968,魏,焕章,weihuanzhang
537,陈章华,魏焕章,0.15447793288204667,FF1234580,陳,章华,陳章华,chenzhanghua,1968,魏,焕章,weihuanzhang
538,陈章华,魏焕章,0.15447793288204667,FF1234581,陈,章華,陈章華,chenzhanghua,1968,魏,焕章,weihuanzhang
539,陈章华,魏焕章,0.15447793288204667,FF1234579,陈,章华,陈章华,chenzhanghua,1968,魏,焕章,weihuanzhang
540,陈章华,魏焕章,0.15447793288204667,FF1234580,陳,章华,陳章华,chenzhanghua,1968,魏,焕章,weihuanzhang
541,陈章华,魏焕章,0.15447793288204667,FF1234581,陈,章華,陈章華,chenzhanghua,1968,魏,焕章,weihuanzhang
